Município,Eficiência CRS,Eficiência VRS,COD_MUN,Escala de Eficiência,gasto_per_capita,ideb_2019
Prefeitura Municipal de Jaragu· do Sul - SC,1.000000008,1.0,4208906,1.000000008,82.0752932394722,7.2
Prefeitura Municipal de S„o JosÈ - SC,0.29116663800000003,0.29948568,4216602,0.9722222378044922,274.0541449900588,7.0
Prefeitura Municipal de Benedito Novo - SC,0.2582841969,0.32625372,4202206,0.7916666724903549,251.56890942217595,5.7
Prefeitura Municipal de Herval d'Oeste - SC,0.2571103015,0.2847991,4206702,0.9027777879213804,288.1866312513892,6.5
Prefeitura Municipal de Maravilha - SC,0.2405558004,0.29862099,4210506,0.8055555652668622,274.84770105893006,5.8
Prefeitura Municipal de Gr„o Par· - SC,0.23957221760000003,0.26951875,4206108,0.8888888717389793,304.5253592173647,6.4
Prefeitura Municipal de Tubar„o - SC,0.236320246,0.29336307,4218707,0.805555539079953,279.77377712341695,5.8
Prefeitura Municipal de S„o Carlos - SC,0.2275360128,0.22753601,4216008,1.0000000123057444,360.7134223929944,7.2
Prefeitura Municipal de Mafra - SC,0.22691725000000001,0.2334006,4210100,0.9722222222222222,351.64988539193456,7.0
Prefeitura Municipal de TimbÛ - SC,0.220707935,0.22701388,4218202,0.9722222050916005,361.5430625057492,7.0
Prefeitura Municipal de Caibi - SC,0.2187930249,0.22187462,4203105,0.9861110968888646,369.9174477055294,7.1
Prefeitura Municipal de S„o Miguel do Oeste - SC,0.21869638320000004,0.22820492,4217204,0.9583333400524408,359.6561025193315,6.9
Prefeitura Municipal de S„o Martinho - SC,0.21511332049999998,0.23827937,4217105,0.9027777792932724,344.4498526183757,6.5
Prefeitura Municipal de Ituporanga - SC,0.21216502299999998,0.24638519,4208500,0.8611111041211527,333.11780630340155,6.2
Prefeitura Municipal de Ascurra - SC,0.20958998939999998,0.24339483,4201703,0.8611110983746039,337.21050957028774,6.2
Prefeitura Municipal de Blumenau - SC,0.20764031360000001,0.23359536,4202404,0.8888888614910845,351.3566994268853,6.4
Prefeitura Municipal de Porto Uni„o - SC,0.20702367630000001,0.28123971,4213609,0.7361111142519668,291.8339418439716,5.3
Prefeitura Municipal de Brusque - SC,0.20549968000000002,0.23118714,4202909,0.888888888888889,355.0166942286812,6.4
Prefeitura Municipal de Salete - SC,0.20331381199999998,0.22520915,4215307,0.9027777601398521,364.4403173354314,6.5
Prefeitura Municipal de Seara - SC,0.2030342256,0.20303422,4217501,1.0000000275815575,404.24363646749686,7.2
Prefeitura Municipal de Rio do Sul - SC,0.19931088870000002,0.22778388,4214805,0.8749999723422045,360.32090941512126,6.3
Prefeitura Municipal de Gravatal - SC,0.1972043755,0.25815845,4206207,0.7638889042756494,317.92603344130265,5.5
Prefeitura Municipal de S„o Jo„o Batista - SC,0.196862348,0.21155357,4216305,0.9305555467582041,387.96459165655006,6.7
Prefeitura Municipal de Pouso Redondo - SC,0.19625377680000003,0.23949613,4213708,0.8194444594991995,342.6998708476351,5.9
Prefeitura Municipal de Saudades - SC,0.1883046752,0.19938142,4217303,0.9444444482339427,411.64964872404175,6.8
Prefeitura Municipal de S„o Bento do Sul - SC,0.1850989206,0.20192609,4215802,0.9166666902726636,406.46204664018376,6.6
Prefeitura Municipal de Curitibanos - SC,0.184579549,0.21435045,4204806,0.8611110870072818,382.9023662078545,6.2
Prefeitura Municipal de Agrol‚ndia - SC,0.1825884635,0.21551425,4200200,0.8472222300845536,380.8346391560078,6.1
Prefeitura Municipal de XanxerÍ - SC,0.1816177805,0.20117662,4219507,0.9027777705977961,407.9763022520821,6.5
Prefeitura Municipal de Massaranduba - SC,0.18121119400000002,0.19187068,4210605,0.9444444247552571,427.76360392720306,6.8
Prefeitura Municipal de Joinville - SC,0.1806097248,0.18060973,4209102,0.9999999712086387,454.43451742622744,7.2
Prefeitura Municipal de Canelinha - SC,0.1800680596,0.1906603,4203709,0.9444444365187719,430.479196192053,6.8
Prefeitura Municipal de Papanduva - SC,0.1793575375,0.1818837,4212205,0.986111111111111,451.25149963575814,7.1
Prefeitura Municipal de ChapecÛ - SC,0.1793276745,0.19863988,4204202,0.9027778032286368,413.18637574196646,6.5
Prefeitura Municipal de BraÁo do Norte - SC,0.17781951000000001,0.21700008,4202800,0.8194444444444444,378.2270223527986,5.9
Prefeitura Municipal de S„o Jo„o do Oeste - SC,0.1775015492,0.5532873599999997,4216255,0.32081258679034363,488.0804308853593,7.6
Prefeitura Municipal de Urussanga - SC,0.177255176,0.18231961,4219002,0.9722222200892158,450.17260358659746,7.0
Prefeitura Municipal de Videira - SC,0.1769009697,0.20217254,4219309,0.8749999861504435,405.96657627118645,6.3
Prefeitura Municipal de Pinhalzinho - SC,0.1738226196,0.18138013,4212908,0.958333305858806,452.50433638099065,6.9
Prefeitura Municipal de TaiÛ - SC,0.17121995150000002,0.18965902,4217808,0.9027777930097921,432.75185608130255,6.5
Prefeitura Municipal de Forquilhinha - SC,0.168001428,0.17280147,4205456,0.9722222154707364,474.968718901699,7.0
Prefeitura Municipal de Botuver· - SC,0.1676612511,0.19161286,4202701,0.8749999926936011,428.33916618301413,6.3
Prefeitura Municipal de Palmitos - SC,0.16683431680000002,0.1876886,4212106,0.8888889191991416,437.2950278086763,6.4
Prefeitura Municipal de Romel‚ndia - SC,0.1667934345,0.21834777,4215208,0.7638888846906933,375.89252556237216,5.5
Prefeitura Municipal de S„o JosÈ do Cedro - SC,0.166002634,0.17074557,4216701,0.9722222017238866,480.68769330828155,7.0
Prefeitura Municipal de BiguaÁu - SC,0.16520283119999998,0.23322753,4202305,0.7083333223998042,351.910832814492,5.1
Prefeitura Municipal de S„o Domingos - SC,0.1648734885,0.18842685,4216107,0.8749999721377287,435.5817394522576,6.3
Prefeitura Municipal de DionÌsio Cerqueira - SC,0.1615422059,0.17359759,4205001,0.9305555791413925,472.7905048543689,6.7
Prefeitura Municipal de Indaial - SC,0.1614551862,0.17613293,4207502,0.9166666687484276,465.98494118339886,6.6
Prefeitura Municipal de Schroeder - SC,0.15958608559999998,0.1689735,4217402,0.9444444578587766,485.72878763025864,6.8
Prefeitura Municipal de PalhoÁa - SC,0.1581146655,0.19972379,4211900,0.7916666587390515,410.94400840371094,5.7
Prefeitura Municipal de Tun·polis - SC,0.1579768744,0.1602019,4218756,0.9861111160354527,512.3240955930718,7.1
Prefeitura Municipal de Gaspar - SC,0.1571541342,0.18250157,4205902,0.8611111356466686,449.7237540349083,6.2
Prefeitura Municipal de Cocal do Sul - SC,0.15590931839999997,0.17008289,4204251,0.9166666817573478,482.5605470261122,6.6
Prefeitura Municipal de Alfredo Wagner - SC,0.15553255900000001,0.17228222,4200705,0.9027777735856898,476.40025240384614,6.5
Prefeitura Municipal de AntÙnio Carlos - SC,0.1550504017,0.16662132,4201208,0.9305555957664963,492.5857710141481,6.7
Prefeitura Municipal de FlorianÛpolis - SC,0.154543596,0.18545232,4205407,0.833333311764447,442.56817742004193,6.0
Prefeitura Municipal de Descanso - SC,0.154481442,0.18537773,4204905,0.8333333351314638,442.7462397688974,6.0
Prefeitura Municipal de Ouro - SC,0.15285338659999997,0.15500625,4211801,0.9861111187452116,529.496663933306,7.1
Prefeitura Municipal de S„o Pedro de Alc‚ntara - SC,0.1526448742,0.17726501,4217253,0.8611111363714701,463.008978805395,6.2
Prefeitura Municipal de Luiz Alves - SC,0.15246821100000002,0.15682444,4210001,0.9722222569390333,523.3577880878737,7.0
Prefeitura Municipal de Rio do Oeste - SC,0.15031369979999998,0.16397858,4214607,0.9166666756109241,500.52448229613736,6.6
Prefeitura Municipal de Rio do Campo - SC,0.14890881,0.17869057,4214508,0.8333333426604438,459.315178123432,6.0
Prefeitura Municipal de Ipor„ do Oeste - SC,0.1482278196,0.9999999880000008,4207650,0.14822782137873375,645.9955248742314,8.4
Prefeitura Municipal de Nova Erechim - SC,0.14535163299999998,0.14950454,4211405,0.9722222014127463,548.9819575328614,7.0
Prefeitura Municipal de Garopaba - SC,0.145234665,0.3789149250000001,4205704,0.38329095904575405,588.6686613789436,7.5
Prefeitura Municipal de Laurentino - SC,0.1449401156,0.16831755,4209508,0.8611111295286795,487.62171490909094,6.2
Prefeitura Municipal de JoaÁaba - SC,0.1441055952,0.16469211,4209003,0.8749999936244668,498.35594997820766,6.3
Prefeitura Municipal de Modelo - SC,0.1433859392,0.16130918,4210902,0.888888897705636,508.8073261904762,6.4
Prefeitura Municipal de Guaramirim - SC,0.143310069,0.16378294,4206504,0.874999978630253,501.12236570672263,6.3
Prefeitura Municipal de Rio Fortuna - SC,0.14222965899999998,0.1575467,4214904,0.9027777731935989,520.9585046728972,6.5
Prefeitura Municipal de Balne·rio Arroio do Silva - SC,0.1406394385,0.18410981,4201950,0.7638888905485264,445.795323888233,5.5
Prefeitura Municipal de ConcÛrdia - SC,0.13993863210000002,0.15038181,4204301,0.930555577832186,545.7793788627101,6.7
Prefeitura Municipal de Itapiranga - SC,0.1391788186,0.1495653,4208401,0.9305555406233932,548.758942997132,6.7
Prefeitura Municipal de Rio Negrinho - SC,0.1390867725,0.15406535,4215000,0.9027777660583644,532.7303961430674,6.5
Prefeitura Municipal de Bom Retiro - SC,0.13860761580000003,0.18481015,4202602,0.7500000178561622,444.1059726443769,5.4
Prefeitura Municipal de Anchieta - SC,0.1379211468,0.14391772,4200804,0.9583333226790975,570.293169026394,6.9
Prefeitura Municipal de Canoinhas - SC,0.13791007560000001,0.15044735,4203808,0.9166666983499544,545.5416174819125,6.6
Prefeitura Municipal de Nova Trento - SC,0.1377858195,0.15746951,4211504,0.8749999888867374,521.2138785634432,6.3
Prefeitura Municipal de Cunha Por„ - SC,0.137447884,0.16223357,4204707,0.8472222117777474,505.90821405953136,6.1
Prefeitura Municipal de Arroio Trinta - SC,0.13647711,0.14037646,4201604,0.9722221945189387,584.6799070684315,7.0
Prefeitura Municipal de Araquari - SC,0.1357976144,0.16028571,4201307,0.8472222158793818,512.0562116589485,6.1
Prefeitura Municipal de Ibirama - SC,0.1357544656,0.14374002,4206900,0.9444444602136552,570.9982017870439,6.8
Prefeitura Municipal de MondaÌ - SC,0.1356669996,0.14156557,4211009,0.9583332981317421,579.7687620772947,6.9
Prefeitura Municipal de Princesa - SC,0.13525904260000002,0.28230611800000016,4214151,0.47912189632390445,623.6563586396427,7.4
Prefeitura Municipal de CaÁador - SC,0.134125878,0.16095106,4203006,0.8333333001969667,509.9394487754132,6.0
Prefeitura Municipal de Guaraciaba - SC,0.1328018482,0.20597854699999996,4206405,0.6447363093594403,626.6119627732913,7.3
Prefeitura Municipal de Rodeio - SC,0.1322718208,0.1488058,4215109,0.8888888793313164,551.559772213528,6.4
Prefeitura Municipal de Capivari de Baixo - SC,0.1317082195,0.17241803,4203956,0.7638889012941396,476.0249900240238,5.5
Prefeitura Municipal de IpuaÁu - SC,0.131463936,0.14789693,4207684,0.8888888768685056,554.9492696025779,6.4
Prefeitura Municipal de IÁara - SC,0.131393181,0.13710593,4207007,0.9583333193538749,598.626878969432,6.9
Prefeitura Municipal de Imbituba - SC,0.13087080280000002,0.15970674,4207304,0.8194444567586816,513.9125231919301,5.9
Prefeitura Municipal de Quilombo - SC,0.1298582945,0.13954921,4214201,0.9305555688921492,588.1458837723708,6.7
Prefeitura Municipal de Lages - SC,0.12961809279999997,0.16665183,4209300,0.7777777945792733,492.4955913733097,5.6
Prefeitura Municipal de Pomerode - SC,0.1294085409,0.135035,4213203,0.958333327655793,607.8075445640932,6.9
Prefeitura Municipal de Fraiburgo - SC,0.1290949462,0.2694406479999998,4205506,0.4791220150272208,653.4350673572275,7.4
Prefeitura Municipal de Treze de Maio - SC,0.1288335498,0.15993131,4218400,0.8055555213047402,513.1909137199434,5.8
Prefeitura Municipal de Ararangu· - SC,0.1288114016,0.16561466,4201406,0.7777777740207298,495.5798906448845,5.6
Prefeitura Municipal de Balne·rio Rinc„o - SC,0.12802098139999998,0.1589226,4220000,0.8055555433903043,516.4482171837709,5.8
Prefeitura Municipal de Lauro Muller - SC,0.12732434560000003,0.14323989,4209607,0.8888888814421738,572.9918927112166,6.4
Prefeitura Municipal de Palma Sola - SC,0.1257267096,0.1331224,4212007,0.9444444330931533,616.5400642140469,6.8
Prefeitura Municipal de Crici˙ma - SC,0.1256128308,0.14587297,4204608,0.8611110804146923,562.6490936659421,6.2
Prefeitura Municipal de Lontras - SC,0.12484603550000001,0.15235448,4209904,0.8194444659585988,538.7126838050577,5.9
Prefeitura Municipal de Doutor Pedrinho - SC,0.1243025784,0.14206009,4205159,0.8749999975362539,577.75052828308,6.3
Prefeitura Municipal de Riqueza - SC,0.1240616312,0.19242230700000018,4215075,0.6447362217728732,670.7571484037964,7.3
Prefeitura Municipal de Balne·rio Cambori˙ - SC,0.1238303477,0.14616041,4202008,0.8472222245408315,561.5425704235504,6.1
Prefeitura Municipal de Peritiba - SC,0.1232062778,0.25715013399999975,4212601,0.4791219661584937,684.6661016346837,7.4
Prefeitura Municipal de IrineÛpolis - SC,0.1224235946,0.25551655800000006,4207908,0.4791219620295604,689.0433312415958,7.4
Prefeitura Municipal de Orleans - SC,0.1206745241,0.12968009,4211702,0.9305555239821317,632.9059016897081,6.7
Prefeitura Municipal de Santo Amaro da Imperatriz - SC,0.1206203198,0.14719768,4215703,0.8194444355372993,557.5855079676927,5.9
Prefeitura Municipal de Imbuia - SC,0.11943591519999999,0.12834904,4207403,0.9305555787561792,639.4694555501382,6.7
Prefeitura Municipal de Meleiro - SC,0.1191362924,0.12614431,4210803,0.944444441449638,650.6460059760956,6.8
Prefeitura Municipal de Coronel Freitas - SC,0.119007126,0.13600814,4204400,0.8750000257337539,603.4586649371383,6.3
Prefeitura Municipal de OtacÌlio Costa - SC,0.118114334,0.12506224,4211751,0.9444444142372631,656.2755786061589,6.8
Prefeitura Municipal de Luzerna - SC,0.11785827900000001,0.4257025839999997,4210035,0.2768559163831622,744.750094970102,7.7
Prefeitura Municipal de ¡guas Mornas - SC,0.11652446259999999,0.24320420200000026,4200606,0.4791219133623352,723.9266368767638,7.4
Prefeitura Municipal de S„o Francisco do Sul - SC,0.11579531750000001,0.14130954,4216206,0.8194444444444444,580.8191884203804,5.9
Prefeitura Municipal de Trombudo Central - SC,0.1151815707,0.13163608,4218608,0.8750000053176911,623.501478583196,6.3
Prefeitura Municipal de Chapad„o do Lageado - SC,0.11489561999999999,0.11489562,4204194,0.9999999999999999,714.3465948130684,7.2
Prefeitura Municipal de S„o JosÈ do Cerrito - SC,0.1148127864,0.14252621,4216800,0.8055555985106179,575.861033131457,5.8
Prefeitura Municipal de Vargem Bonita - SC,0.11476499579999999,0.13115999,4219176,0.875000034690457,625.7646912218792,6.3
Prefeitura Municipal de Arabut„ - SC,0.1147645877,0.5238091449999995,4201273,0.21909618951001725,784.6918166901079,7.9
Prefeitura Municipal de Guabiruba - SC,0.1140277504,0.12828122,4206306,0.8888888833455123,639.8075584393263,6.4
Prefeitura Municipal de Erval Velho - SC,0.11227805399999999,0.115486,4205209,0.9722222087525759,710.6947628772407,7.0
Prefeitura Municipal de Cambori˙ - SC,0.1116877086,0.14891695,4203204,0.7499999738109061,551.1481037682164,5.4
Prefeitura Municipal de TimbÈ do Sul - SC,0.11105254719999999,0.14278185,4218103,0.7777777581674421,574.8300354874859,5.6
Prefeitura Municipal de ItaiÛpolis - SC,0.1107411284,0.13747174,4208104,0.8055555883703807,597.0339130636481,5.8
Prefeitura Municipal de Sombrio - SC,0.1091616782,0.13551105,4217709,0.805555548422066,605.6723462179274,5.8
Prefeitura Municipal de BraÁo do Trombudo - SC,0.1091288846,0.12673032,4202859,0.8611110948035167,647.6373937600861,6.2
Prefeitura Municipal de Campo Alegre - SC,0.1089495528,0.11885405,4203303,0.916666725281974,690.5552689159846,6.6
Prefeitura Municipal de Pedras Grandes - SC,0.1087757978,0.1283911,4212403,0.8472222591752855,639.2599775,6.1
Prefeitura Municipal de Monte Castelo - SC,0.1085786448,0.13478728,4211108,0.8055555746803407,608.9246086956522,5.8
Prefeitura Municipal de Witmarsum - SC,0.108444948,0.13013393,4219408,0.8333333820011429,630.6986215666327,6.0
Prefeitura Municipal de Turvo - SC,0.107726193,0.14363493,4218806,0.7499999686705734,571.415990941746,5.4
Prefeitura Municipal de Major Gercino - SC,0.10741286430000001,0.12275756,4210209,0.8749999942977036,668.5966413994169,6.3
Prefeitura Municipal de Campos Novos - SC,0.10740974080000001,0.12083596,4203600,0.8888888771190299,679.2290687447816,6.4
Prefeitura Municipal de Major Vieira - SC,0.10702184960000001,0.12039958,4210308,0.888888894795148,681.6908598409543,6.4
Prefeitura Municipal de S„o Ludgero - SC,0.1069211154,0.11664122,4217006,0.9166666415183243,703.656004557539,6.6
Prefeitura Municipal de Irani - SC,0.106203828,0.12744459,4207809,0.8333333568729752,644.007643872715,6.0
Prefeitura Municipal de Catanduvas - SC,0.10559418800000002,0.1288607,4204004,0.8194444698810422,636.9303465300419,5.9
Prefeitura Municipal de Sul Brasil - SC,0.10507331780000001,0.21930400999999922,4217758,0.4791217351657199,802.821908,7.4
Prefeitura Municipal de LindÛia do Sul - SC,0.10468857729999999,0.16237428099999995,4209854,0.6447362024038771,794.8835283842795,7.3
Prefeitura Municipal de Planalto Alegre - SC,0.104125098,0.1071001,4213153,0.9722222294843795,766.3418912280703,7.0
Prefeitura Municipal de Campo ErÍ - SC,0.10392902100000001,0.11877603,4203501,0.8749999557991626,691.0089219546086,6.3
Prefeitura Municipal de Presidente Get˙lio - SC,0.1036499286,0.13092623,4214003,0.7916666400613536,626.8819907057799,5.7
Prefeitura Municipal de Barra Velha - SC,0.103467163,0.12212517,4202107,0.8472222638461834,672.0587622527493,6.1
Prefeitura Municipal de TrÍs Barras - SC,0.103413363,0.14599533,4218301,0.7083333624438535,562.1775087316895,5.1
Prefeitura Municipal de ItajaÌ - SC,0.10330763519999998,0.11269924,4208203,0.9166666536526775,728.2683936635865,6.6
Prefeitura Municipal de Balne·rio Gaivota - SC,0.1021056512,0.1312787,4202073,0.7777777445998475,625.1988739244296,5.6
Prefeitura Municipal de Lebon RÈgis - SC,0.101762226,0.13824303,4209706,0.7361110791625445,593.7029580957104,5.3
Prefeitura Municipal de Treviso - SC,0.1013546176,0.11402394,4218350,0.8888889263079315,719.8075353379594,6.4
Prefeitura Municipal de Xavantina - SC,0.1008542476,0.10678685,4219606,0.9444444479821251,768.5899091597275,6.8
Prefeitura Municipal de Guaruj· do Sul - SC,0.1007528155,0.11892136,4206603,0.8472221937253324,690.1644582765999,6.1
Prefeitura Municipal de Serra Alta - SC,0.1002775735,0.1110767,4217550,0.9027777517697231,738.9065015290519,6.5
Prefeitura Municipal de Petrol‚ndia - SC,0.09999664729999999,0.11802883,4212700,0.847222219350984,695.3834165131468,6.1
Prefeitura Municipal de Navegantes - SC,0.099671772,0.11960613,4211306,0.8333333082510069,686.2131275777259,6.0
Prefeitura Municipal de Santa CecÌlia - SC,0.0993644106,0.13498561,4215505,0.7361111351054382,608.0299348903889,5.3
Prefeitura Municipal de Iraceminha - SC,0.098554105,0.14191791,4207759,0.6944444503163836,578.3293474470735,5.0
Prefeitura Municipal de Xaxim - SC,0.0983166786,0.11236192,4219705,0.8749999875402628,730.4547188995215,6.3
Prefeitura Municipal de Salto Veloso - SC,0.0981793341,0.102448,4215406,0.9583333408168047,801.1409807692307,6.9
Prefeitura Municipal de Treze TÌlias - SC,0.09693934530000001,0.10417362,4218509,0.9305555984326935,787.8702042409262,6.7
Prefeitura Municipal de Vitor Meireles - SC,0.0962606988,0.11001223,4219358,0.8749999777297488,746.0561049062625,6.3
Prefeitura Municipal de Saltinho - SC,0.09548668639999999,0.1481019269999999,4215356,0.6447362862469713,871.4851207983193,7.3
Prefeitura Municipal de Belmonte - SC,0.09501408039999999,0.11794852,4202156,0.8055555118453372,695.8569330373659,5.8
Prefeitura Municipal de Maracaj· - SC,0.0946682505,0.11958095,4210407,0.7916666534259846,686.3575940058277,5.7
Prefeitura Municipal de Praia Grande - SC,0.0940671608,0.11677302,4213807,0.8055556052245629,702.8617622167621,5.8
Prefeitura Municipal de Vidal Ramos - SC,0.0932511799,0.094564576,4219200,0.986111119453441,867.9285268630849,7.1
Prefeitura Municipal de Ipumirim - SC,0.0923704892,0.10726896,4207700,0.8611110725786845,765.1355452742895,6.2
Prefeitura Municipal de Jaguaruna - SC,0.0921952656,0.11645718,4208807,0.7916666503516573,704.7680197418375,5.7
Prefeitura Municipal de IbicarÈ - SC,0.09213742720000001,0.1036546,4206801,0.8888889369116277,791.8152184691664,6.4
Prefeitura Municipal de Leoberto Leal - SC,0.09197958319999999,0.098843735,4209805,0.9305555197807933,830.3540285436264,6.7
Prefeitura Municipal de LacerdÛpolis - SC,0.091410993,0.095385386,4209201,0.9583333132394096,860.4598307349667,6.9
Prefeitura Municipal de Anit·polis - SC,0.0912971388,0.11333438,4201109,0.8055555498693335,724.1870859085291,5.8
Prefeitura Municipal de Penha - SC,0.0909634989,0.10736675,4212502,0.8472222443167926,764.4386314695882,6.1
Prefeitura Municipal de Tijucas - SC,0.0908837475,0.11090898,4218004,0.8194444444444444,740.023897197503,5.9
Prefeitura Municipal de Capinzal - SC,0.0900173073,0.096735016,4203907,0.9305555632512638,848.454845529173,6.7
Prefeitura Municipal de S„o LourenÁo do Oeste - SC,0.089747609,0.092311824,4216909,0.9722222474988687,889.1092149054784,7.0
Prefeitura Municipal de Santa Rosa do Sul - SC,0.0896859216,0.12183748,4215653,0.7361111014443175,673.6456944111297,5.3
Prefeitura Municipal de Balne·rio Barra do Sul - SC,0.0892197102,0.10530851,4202057,0.8472222254402801,779.379517535545,6.1
Prefeitura Municipal de ImaruÌ - SC,0.08893325939999999,0.12555284,4207205,0.7083333152798454,653.7111834204919,5.1
Prefeitura Municipal de Santa Helena - SC,0.0882927695,0.09780122,4215554,0.9027777925469642,839.2052113929684,6.5
Prefeitura Municipal de Urubici - SC,0.0880438888,0.11319929,4218905,0.7777777475459431,725.0513246985262,5.6
Prefeitura Municipal de Api˙na - SC,0.0870042176,0.097879744,4201257,0.8888888961540398,838.5319565626176,6.4
Prefeitura Municipal de S„o Jo„o do Sul - SC,0.086936502,0.1043238,4216404,0.8333333525044142,786.7360041208792,6.0
Prefeitura Municipal de Formosa do Sul - SC,0.0869151756,0.094816552,4205431,0.9166666976035999,865.621996039604,6.6
Prefeitura Municipal de Corup· - SC,0.0866756686,0.10230571,4204509,0.8472221990346386,802.2552855051244,6.1
Prefeitura Municipal de Paulo Lopes - SC,0.0866755222,0.10230554,4212304,0.8472221758469776,802.2566082502021,6.1
Prefeitura Municipal de Ipira - SC,0.0866481408,0.086648143,4207601,0.9999999746099578,947.2250735621934,7.2
Prefeitura Municipal de Nova Veneza - SC,0.0866015803,0.093064386,4211603,0.9305555435566941,881.9194575298592,6.7
Prefeitura Municipal de Irati - SC,0.08606699229999999,0.10158727,4207858,0.8472222188862837,807.9289088114754,6.1
Prefeitura Municipal de Tangar· - SC,0.0858064704,0.096532277,4217907,0.8888889091469375,850.2367909331492,6.4
Prefeitura Municipal de Matos Costa - SC,0.0843498688,0.094893606,4210704,0.8888888551669119,864.91911328125,6.4
Prefeitura Municipal de Ponte Serrada - SC,0.0843322584,0.11676774,4213401,0.7222222370665049,702.8935405124654,5.2
Prefeitura Municipal de Santiago do Sul - SC,0.0842821686,0.096322482,4215695,0.8749999672973543,852.0886469673405,6.3
Prefeitura Municipal de Jacinto Machado - SC,0.0841473982,0.097719556,4208708,0.8611111393097202,839.9065267285073,6.2
Prefeitura Municipal de Alto Bela Vista - SC,0.0840445704,0.084044568,4200754,1.0000000285562776,976.568680698152,7.2
Prefeitura Municipal de Abelardo Luz - SC,0.08398533650000001,0.093029908,4200101,0.9027778088311128,882.2463080629798,6.5
Prefeitura Municipal de Ilhota - SC,0.0839720622,0.097515945,4207106,0.8611110952162746,841.6602370581934,6.2
Prefeitura Municipal de Rancho Queimado - SC,0.0837187049,0.1021652,4214300,0.8194444380278216,803.3586262203627,5.9
Prefeitura Municipal de S„o Cristov„o do Sul - SC,0.08317826,0.1088879,4216057,0.7638889169503683,753.7595271867613,5.5
Prefeitura Municipal de S„o Bernardino - SC,0.0830043648,0.094862131,4215752,0.8750000018447824,865.2060896898575,6.3
Prefeitura Municipal de Jupi· - SC,0.0829311566,0.096307153,4209177,0.8611110807106923,852.2242748815165,6.2
Prefeitura Municipal de Rio das Antas - SC,0.0828565438,0.10111307,4214409,0.8194444476861399,811.7179639175258,5.9
Prefeitura Municipal de Lajeado Grande - SC,0.0828232892,0.083989817,4209458,0.9861110805849238,977.2052818371608,7.1
Prefeitura Municipal de Morro da FumaÁa - SC,0.08188206899999999,0.096647687,4211207,0.8472222309883111,849.221499263122,6.1
Prefeitura Municipal de Ponte Alta do Norte - SC,0.08141134080000001,0.091587762,4213351,0.8888888539497232,896.1382159624413,6.4
Prefeitura Municipal de Porto Belo - SC,0.08139755050000001,0.099332607,4213500,0.8194444196959414,826.2673802438322,5.9
Prefeitura Municipal de Campo Belo do Sul - SC,0.0802856932,0.10906736,4203402,0.7361110895138563,752.5193164807231,5.3
Prefeitura Municipal de Arvoredo - SC,0.0791908974,0.096639737,4201653,0.8194444630990666,849.2913535173642,5.9
Prefeitura Municipal de Bom Jesus - SC,0.07852639139999999,0.091191937,4202537,0.8611111243310907,900.0279635258358,6.2
Prefeitura Municipal de Nova Itaberaba - SC,0.07780986670000001,0.094954411,4211454,0.8194444668821126,864.3652480960075,5.9
Prefeitura Municipal de Faxinal dos Guedes - SC,0.0774372552,0.091401348,4205308,0.8472222444684295,897.9658927568781,6.1
Prefeitura Municipal de Santa Rosa de Lima - SC,0.076955782,0.16061833800000036,4215604,0.4791220165657537,1096.1510669162378,7.4
Prefeitura Municipal de Varge„o - SC,0.07619880459999999,0.077272029,4219101,0.9861110881403151,1062.160455944056,7.1
Prefeitura Municipal de It· - SC,0.075133583,0.077280256,4208005,0.9722222322866011,1062.0473715574167,7.0
Prefeitura Municipal de Itapema - SC,0.0747550528,0.084099434,4208302,0.8888888931166885,975.9315748616601,6.4
Prefeitura Municipal de S„o Joaquim - SC,0.0747344791,0.11448686,4216503,0.6527777869006103,716.8970283600494,4.7
Prefeitura Municipal de S„o Miguel da Boa Vista - SC,0.07473086209999999,0.088206916,4217154,0.8472222529580333,930.4859192580469,6.1
Prefeitura Municipal de Caxambu do Sul - SC,0.074646972,0.089576369,4204103,0.8333333091454065,916.2605542168675,6.0
Prefeitura Municipal de Pinheiro Preto - SC,0.0743802034,0.092334047,4213005,0.8055555433414502,888.8952234557358,5.8
Prefeitura Municipal de Ponte Alta - SC,0.0743487024,0.093914149,4213302,0.7916666784682251,873.9395905812473,5.7
Prefeitura Municipal de Balne·rio PiÁarras - SC,0.0733528128,0.082521916,4212809,0.88888887165441,994.5878255075296,6.4
Prefeitura Municipal de Bombinhas - SC,0.07313788019999999,0.07978678,4202453,0.9166666482843397,1028.682864586047,6.6
Prefeitura Municipal de Tigrinhos - SC,0.07112025479999999,0.0753038,4217956,0.9444444344110123,1089.922332928311,6.8
Prefeitura Municipal de ¡guas Frias - SC,0.0709025552,0.082338448,4200556,0.8611111445773182,996.8039907485282,6.2
Prefeitura Municipal de Coronel Martins - SC,0.0707508312,0.099883529,4204459,0.7083333148951916,821.7099842767295,5.1
Prefeitura Municipal de Uni„o do Oeste - SC,0.070336728,0.080384829,4218855,0.8750000326554156,1021.029642431466,6.3
Prefeitura Municipal de Bom Jesus do Oeste - SC,0.0702933716,0.075539148,4202578,0.9305555259903117,1086.5265890027958,6.7
Prefeitura Municipal de Jabor· - SC,0.0701275392,0.078893485,4208609,0.8888888505812617,1040.330432364096,6.4
Prefeitura Municipal de Aurora - SC,0.07001610359999999,0.086916543,4201901,0.8055555499946655,944.3000158562368,5.8
Prefeitura Municipal de Entre Rios - SC,0.070005442,0.096930614,4205175,0.7222222073203828,846.7427375352775,5.2
Prefeitura Municipal de Garuva - SC,0.0697956878,0.081053059,4205803,0.8611110877382187,1012.6119106741573,6.2
Prefeitura Municipal de Ouro Verde - SC,0.0696720654,0.079625215,4211850,0.8750000285713514,1030.7701302200269,6.3
Prefeitura Municipal de Galv„o - SC,0.06897318599999999,0.082767822,4205605,0.8333333454153232,991.6328755074425,6.0
Prefeitura Municipal de Novo Horizonte - SC,0.068551923,0.0897407,4211652,0.7638888820791457,914.5827206771463,5.5
Prefeitura Municipal de Monte Carlo - SC,0.06842014199999999,0.082104169,4211058,0.8333333475429242,999.6483000814333,6.0
Prefeitura Municipal de TimbÛ Grande - SC,0.067669812,0.087004046,4218251,0.7777777598986603,943.3503008192524,5.6
Prefeitura Municipal de Itapo· - SC,0.0663513039,0.075830064,4208450,0.8749999723064984,1082.358223212944,6.3
Prefeitura Municipal de Paial - SC,0.06573434726,0.13719757799999988,4211876,0.47912177618762386,1283.2737540663632,7.4
Prefeitura Municipal de Ibiam - SC,0.065668638,0.067544885,4206751,0.9722222193434781,1215.1222613578354,7.0
Prefeitura Municipal de Marema - SC,0.06501056431,0.069862099,4210555,0.93055555502276,1174.818602383532,6.7
Prefeitura Municipal de ¡gua Doce - SC,0.06480286955999999,0.07069404,4200408,0.9166666604426623,1160.9931129167835,6.6
Prefeitura Municipal de Guatamb˙ - SC,0.0644400534,0.074833609,4206652,0.8611111272209256,1096.7704861995753,6.2
Prefeitura Municipal de Presidente Nereu - SC,0.06372983586,0.068485794,4214102,0.9305555522945386,1198.428,6.7
Prefeitura Municipal de Vargem - SC,0.06340663740000001,0.073633512,4219150,0.8611111391780417,1114.6459080095162,6.2
Prefeitura Municipal de JosÈ Boiteux - SC,0.0619715415,0.081126383,4209151,0.7638888757064394,1011.6966920762286,5.5
Prefeitura Municipal de Cordilheira Alta - SC,0.06144653530000001,0.071357267,4204350,0.8611111086975908,1150.2023124287343,6.2
Prefeitura Municipal de Santa Terezinha do Progresso - SC,0.060386592,0.072463911,4215687,0.8333333264333469,1132.6368156199678,6.0
Prefeitura Municipal de Governador Celso Ramos - SC,0.05945327179999999,0.070174353,4206009,0.8472222294660843,1169.5910165352682,6.1
Prefeitura Municipal de Palmeira - SC,0.058737166960000003,0.18308869199999966,4212056,0.32081264177691604,1474.9610257395314,7.6
Prefeitura Municipal de Abdon Batista - SC,0.05644006745,0.062518229,4200051,0.9027777714240754,1312.821792782305,6.5
Prefeitura Municipal de BrunÛpolis - SC,0.056162172,0.067394607,4202875,0.8333333259143422,1217.8317711281845,6.0
Prefeitura Municipal de Correia Pinto - SC,0.0540221319,0.068238482,4204558,0.7916666713072544,1202.771375,5.7
Prefeitura Municipal de ZortÈa - SC,0.05239814454,0.059883594,4219853,0.8749999964931964,1370.580615985577,6.3
Prefeitura Municipal de Celso Ramos - SC,0.05151469206,0.059823513,4204152,0.8611111162930201,1371.9570927684442,6.2
Prefeitura Municipal de IomerÍ - SC,0.04992552642,0.05446421,4207577,0.9166666774382664,1506.9582883498463,6.6
Prefeitura Municipal de Piratuba - SC,0.04970877998,0.10374972400000004,4213104,0.4791220454716581,1696.987182849937,7.4
Prefeitura Municipal de Flor do Sert„o - SC,0.04854208558,0.060259141,4205357,0.8055555518124627,1362.0388839848677,5.8
Prefeitura Municipal de Presidente Castello Branco - SC,0.04741892496,0.047418925,4213906,0.9999999991564549,1730.8552012578616,7.2
Prefeitura Municipal de Calmon - SC,0.042188568839999996,0.059560332,4203154,0.7083333390418306,1378.019395293417,5.1
Prefeitura Municipal de Bocaina do Sul - SC,0.037890226109999994,0.053492084,4202438,0.7083333322739864,1534.344661849711,5.1
Prefeitura Municipal de Frei RogÈrio - SC,0.032727431,0.047127501,4205555,0.6944444391396862,1741.5583582089553,5.0
